order_id,order_number,customer_id,order_date,status,subtotal,discount_percent,shipping_cost,tax_amount,total_amount,payment_method,shipping_method,promotion_id,notes,mes
1,ORD-20251009-00001,60,2025-10-09,pendiente,418.72,18,130,87.93,561.28,credit_card,express,0,Nota del cliente: Llamar antes,2025-10
2,ORD-20251007-00002,102,2025-10-07,entregado,1219.56,17,460,256.11,1728.34,credit_card,standard,10,Nota del cliente: Dejar en portería,2025-10
3,ORD-20240318-00003,81,2024-03-18,enviado,692.35,17,270,145.39,990.04,credit_card,express,0,0,2024-03
4,ORD-20230719-00004,149,2023-07-19,pendiente,2922.37,20,450,613.7,3401.6,debit_card,standard,10,Nota del cliente: Dejar en portería,2023-07
5,ORD-20230419-00005,49,2023-04-19,pendiente,1094.96,2,390,229.94,1693.0,cash_on_delivery,standard,1,0,2023-04
6,ORD-20230417-00006,147,2023-04-17,enviado,4349.25,12,0,913.34,4740.68,cash_on_delivery,same_day,0,0,2023-04
7,ORD-20260127-00007,95,2026-01-27,enviado,4593.24,9,220,964.58,5364.43,bank_transfer,express,0,0,2026-01
8,ORD-20241205-00008,65,2024-12-05,enviado,1227.18,12,170,257.71,1507.63,cash_on_delivery,pickup,5,0,2024-12
9,ORD-20251211-00009,10,2025-12-11,pendiente,4200.44,4,100,882.09,5014.51,credit_card,same_day,2,0,2025-12
10,ORD-20240217-00010,59,2024-02-17,cancelado,222.76,13,70,46.78,310.58,credit_card,pickup,0,Nota del cliente: Llamar antes,2024-02
11,ORD-20240704-00011,151,2024-07-04,entregado,480.39,3,70,100.88,636.86,paypal,same_day,0,0,2024-07
12,ORD-20230831-00012,120,2023-08-31,cancelado,110.74,13,10,23.26,129.6,bank_transfer,standard,0,0,2023-08
13,ORD-20240719-00013,97,2024-07-19,entregado,1486.86,18,270,312.24,1801.47,cash_on_delivery,express,0,0,2024-07
14,ORD-20230528-00014,29,2023-05-28,entregado,3173.13,12,380,666.36,3838.71,bank_transfer,standard,1,0,2023-05
15,ORD-20230810-00015,146,2023-08-10,pendiente,2064.3,9,460,433.5,2772.01,cash_on_delivery,pickup,0,0,2023-08
16,ORD-20241104-00016,43,2024-11-04,enviado,2650.44,12,230,556.59,3118.98,debit_card,same_day,0,0,2024-11
17,ORD-20230326-00017,75,2023-03-26,enviado,1312.81,0,480,275.69,2068.5,paypal,same_day,3,0,2023-03
18,ORD-20240408-00018,116,2024-04-08,pendiente,4788.09,18,70,1005.5,5001.73,bank_transfer,standard,1,0,2024-04
19,ORD-20230620-00019,132,2023-06-20,entregado,5778.81,7,250,1213.55,6837.84,debit_card,same_day,0,0,2023-06
20,ORD-20251227-00020,160,2025-12-27,procesando,4030.42,9,280,846.39,4794.07,cash_on_delivery,pickup,0,0,2025-12
21,ORD-20240526-00021,44,2024-05-26,cancelado,1409.41,11,260,295.98,1810.35,bank_transfer,pickup,0,0,2024-05
22,ORD-20240819-00022,76,2024-08-19,pendiente,4723.51,7,490,991.94,5874.8,paypal,pickup,0,0,2024-08
23,ORD-20230129-00023,134,2023-01-29,cancelado,1194.51,0,70,250.85,1515.36,debit_card,express,0,0,2023-01
24,ORD-20240524-00024,99,2024-05-24,procesando,1260.11,17,190,264.62,1500.51,debit_card,express,0,0,2024-05
25,ORD-20251213-00025,8,2025-12-13,cancelado,67.44,5,390,14.16,468.23,bank_transfer,standard,0,0,2025-12
26,ORD-20230707-00026,151,2023-07-07,cancelado,3108.37,17,350,652.76,3582.71,paypal,same_day,0,0,2023-07
27,ORD-20250804-00027,41,2025-08-04,pendiente,3163.85,16,350,664.41,3672.04,cash_on_delivery,express,4,0,2025-08
28,ORD-20231214-00028,153,2023-12-14,pendiente,2863.9,13,400,601.42,3493.01,paypal,standard,0,0,2023-12
29,ORD-20241222-00029,5,2024-12-22,pendiente,1939.41,16,210,407.28,2246.38,bank_transfer,standard,0,0,2024-12
30,ORD-20240422-00030,47,2024-04-22,pendiente,1160.36,2,260,243.68,1640.83,bank_transfer,same_day,0,0,2024-04
31,ORD-20240208-00031,133,2024-02-08,pendiente,2642.89,3,460,555.01,3578.61,credit_card,standard,0,0,2024-02
32,ORD-20230808-00032,25,2023-08-08,enviado,45.26,14,320,9.5,368.42,paypal,pickup,0,0,2023-08
33,ORD-20251104-00033,18,2025-11-04,entregado,1219.56,8,480,256.11,1858.11,credit_card,pickup,0,0,2025-11
34,ORD-20250221-00034,144,2025-02-21,pendiente,3200.55,9,40,672.12,3624.62,cash_on_delivery,standard,0,0,2025-02
35,ORD-20230323-00035,104,2023-03-23,pendiente,1354.5,17,210,284.45,1618.69,cash_on_delivery,express,0,0,2023-03
36,ORD-20240719-00036,11,2024-07-19,cancelado,2379.75,6,280,499.75,3016.72,cash_on_delivery,express,0,0,2024-07
37,ORD-20250709-00037,160,2025-07-09,procesando,975.94,13,90,204.95,1144.02,credit_card,express,5,0,2025-07
38,ORD-20250819-00038,97,2025-08-19,cancelado,2385.6,19,0,500.98,2433.32,debit_card,same_day,6,Nota del cliente: Llamar antes,2025-08
39,ORD-20260310-00039,64,2026-03-10,pendiente,2898.82,4,180,608.75,3571.62,cash_on_delivery,standard,7,0,2026-03
40,ORD-20240717-00040,161,2024-07-17,enviado,2242.07,3,430,470.83,3075.64,bank_transfer,standard,0,0,2024-07
41,ORD-20230612-00041,71,2023-06-12,entregado,5639.47,4,120,1184.29,6718.18,bank_transfer,standard,4,0,2023-06
42,ORD-20240318-00042,67,2024-03-18,enviado,1937.02,19,170,406.77,2145.76,paypal,same_day,0,Nota del cliente: Llamar antes,2024-03
43,ORD-20230702-00043,66,2023-07-02,enviado,2248.56,12,380,472.2,2830.93,cash_on_delivery,express,0,0,2023-07
44,ORD-20260303-00044,25,2026-03-03,cancelado,1403.44,14,10,294.72,1511.68,bank_transfer,same_day,10,0,2026-03
45,ORD-20241115-00045,61,2024-11-15,entregado,2478.1,18,290,520.4,2842.44,paypal,express,8,Nota del cliente: Entregar por la tarde,2024-11
46,ORD-20231205-00046,49,2023-12-05,entregado,1405.4,20,90,295.13,1509.45,credit_card,same_day,0,0,2023-12
47,ORD-20250421-00047,145,2025-04-21,cancelado,2241.45,7,310,470.7,2865.25,credit_card,same_day,0,0,2025-04
48,ORD-20230716-00048,93,2023-07-16,entregado,1094.18,1,10,229.78,1323.02,credit_card,express,0,0,2023-07
49,ORD-20240103-00049,91,2024-01-03,cancelado,4043.38,19,10,849.11,4134.25,debit_card,same_day,0,0,2024-01
50,ORD-20240107-00050,23,2024-01-07,cancelado,73.88,4,410,15.51,496.43,debit_card,express,0,0,2024-01
51,ORD-20230120-00051,4,2023-01-20,entregado,660.84,17,50,138.78,737.28,credit_card,same_day,0,0,2023-01
52,ORD-20240707-00052,12,2024-07-07,entregado,4304.21,5,100,903.88,5092.88,bank_transfer,standard,0,0,2024-07
53,ORD-20240926-00053,99,2024-09-26,procesando,46.86,15,300,9.84,349.67,credit_card,pickup,0,0,2024-09
54,ORD-20240530-00054,19,2024-05-30,cancelado,3623.96,18,410,761.03,4142.68,credit_card,same_day,0,0,2024-05
55,ORD-20230430-00055,90,2023-04-30,procesando,2036.96,3,460,427.76,2863.61,credit_card,standard,0,0,2023-04
56,ORD-20230731-00056,155,2023-07-31,pendiente,1697.66,11,70,356.51,1937.43,paypal,pickup,0,0,2023-07
57,ORD-20250802-00057,7,2025-08-02,cancelado,1612.1,13,400,338.54,2141.07,bank_transfer,express,0,0,2025-08
58,ORD-20240509-00058,19,2024-05-09,procesando,4467.29,9,60,938.13,5063.36,debit_card,express,2,0,2024-05
59,ORD-20250627-00059,49,2025-06-27,cancelado,3075.66,8,500,645.89,3975.5,cash_on_delivery,express,0,0,2025-06
60,ORD-20240319-00060,67,2024-03-19,procesando,2618.12,15,420,549.81,3195.21,debit_card,standard,7,0,2024-03
61,ORD-20251213-00061,150,2025-12-13,enviado,1777.34,9,420,373.24,2410.62,debit_card,pickup,0,0,2025-12
62,ORD-20250422-00062,19,2025-04-22,pendiente,2460.8,13,390,516.77,3047.67,credit_card,express,0,0,2025-04
63,ORD-20250205-00063,140,2025-02-05,pendiente,3608.26,5,70,757.73,4255.58,cash_on_delivery,standard,0,Nota del cliente: Entregar por la tarde,2025-02
64,ORD-20240926-00064,95,2024-09-26,enviado,936.13,8,440,196.59,1497.83,bank_transfer,standard,0,0,2024-09
65,ORD-20250409-00065,102,2025-04-09,pendiente,3695.42,12,430,776.04,4458.01,cash_on_delivery,standard,0,0,2025-04
66,ORD-20250210-00066,68,2025-02-10,pendiente,1245.46,6,430,261.55,1862.28,bank_transfer,pickup,0,0,2025-02
67,ORD-20250914-00067,73,2025-09-14,pendiente,1034.32,17,430,217.21,1505.7,bank_transfer,standard,0,0,2025-09
68,ORD-20240129-00068,11,2024-01-29,pendiente,2311.16,6,300,485.34,2957.83,bank_transfer,same_day,0,Nota del cliente: Dejar en portería,2024-01
69,ORD-20250909-00069,154,2025-09-09,pendiente,4059.2,14,400,852.43,4743.34,cash_on_delivery,same_day,0,Nota del cliente: Dejar en portería,2025-09
70,ORD-20240627-00070,19,2024-06-27,entregado,1616.44,7,120,339.45,1962.74,credit_card,same_day,0,0,2024-06
71,ORD-20250920-00071,42,2025-09-20,cancelado,143.03,3,280,30.04,448.78,debit_card,express,0,0,2025-09
72,ORD-20250504-00072,93,2025-05-04,entregado,5054.69,18,400,1061.48,5606.33,credit_card,pickup,0,Nota del cliente: Llamar antes,2025-05
73,ORD-20250109-00073,69,2025-01-09,cancelado,445.62,13,290,93.58,771.27,cash_on_delivery,same_day,1,0,2025-01
74,ORD-20250512-00074,60,2025-05-12,enviado,1804.83,13,300,379.01,2249.21,bank_transfer,same_day,0,0,2025-05
75,ORD-20241130-00075,117,2024-11-30,pendiente,3369.58,6,150,707.61,4025.02,cash_on_delivery,pickup,0,0,2024-11
76,ORD-20260219-00076,139,2026-02-19,cancelado,3587.94,2,500,753.47,4769.65,cash_on_delivery,pickup,10,0,2026-02
77,ORD-20250107-00077,47,2025-01-07,entregado,1248.72,1,60,262.23,1558.46,debit_card,express,0,Nota del cliente: Dejar en portería,2025-01
78,ORD-20230919-00078,100,2023-09-19,entregado,943.16,13,500,198.06,1518.61,paypal,pickup,0,Nota del cliente: Envolver para regalo,2023-09
79,ORD-20230609-00079,25,2023-06-09,entregado,1630.36,1,330,342.38,2286.44,debit_card,standard,6,0,2023-06
80,ORD-20250515-00080,100,2025-05-15,cancelado,2977.15,20,450,625.2,3456.92,debit_card,same_day,0,Nota del cliente: Dejar en portería,2025-05
81,ORD-20250428-00081,45,2025-04-28,cancelado,1496.07,3,460,314.17,2225.36,debit_card,same_day,0,0,2025-04
82,ORD-20231003-00082,42,2023-10-03,cancelado,4073.51,6,10,855.44,4694.54,debit_card,express,0,Nota del cliente: Llamar antes,2023-10
83,ORD-20250328-00083,13,2025-03-28,cancelado,1028.73,3,300,216.03,1513.9,paypal,same_day,0,0,2025-03
84,ORD-20240318-00084,114,2024-03-18,procesando,569.02,1,370,119.49,1052.82,credit_card,standard,0,Nota del cliente: Dejar en portería,2024-03
85,ORD-20260208-00085,96,2026-02-08,procesando,3624.61,8,390,761.17,4485.81,paypal,standard,0,0,2026-02
86,ORD-20250126-00086,24,2025-01-26,entregado,958.96,18,120,201.38,1107.73,debit_card,standard,0,0,2025-01
87,ORD-20240620-00087,15,2024-06-20,cancelado,2135.27,14,280,448.41,2564.74,paypal,pickup,7,0,2024-06
88,ORD-20240702-00088,159,2024-07-02,cancelado,3854.41,17,260,809.43,4268.59,cash_on_delivery,same_day,0,0,2024-07
89,ORD-20241218-00089,137,2024-12-18,entregado,1012.08,16,90,212.54,1152.69,debit_card,standard,0,Nota del cliente: Entregar por la tarde,2024-12
90,ORD-20230323-00090,14,2023-03-23,entregado,4207.4,13,230,883.55,4773.99,paypal,standard,0,0,2023-03
91,ORD-20260122-00091,62,2026-01-22,cancelado,2352.79,1,370,494.09,3193.35,debit_card,same_day,0,0,2026-01
92,ORD-20240807-00092,7,2024-08-07,procesando,4047.0,17,370,849.87,4578.88,credit_card,pickup,0,Nota del cliente: Envolver para regalo,2024-08
93,ORD-20240309-00093,166,2024-03-09,pendiente,1612.85,10,130,338.7,1920.27,debit_card,express,7,0,2024-03
94,ORD-20230327-00094,27,2023-03-27,procesando,786.18,7,340,165.1,1236.25,paypal,pickup,0,0,2023-03
95,ORD-20240118-00095,13,2024-01-18,entregado,110.82,19,340,23.27,453.03,cash_on_delivery,same_day,0,0,2024-01
96,ORD-20260209-00096,158,2026-02-09,procesando,1290.4,12,310,270.98,1716.53,credit_card,express,0,0,2026-02
97,ORD-20250314-00097,144,2025-03-14,entregado,1231.77,18,280,258.67,1548.72,cash_on_delivery,standard,0,0,2025-03
98,ORD-20230510-00098,57,2023-05-10,entregado,269.76,14,430,56.65,718.64,paypal,express,0,0,2023-05
99,ORD-20251228-00099,70,2025-12-28,procesando,172.72,9,30,36.27,223.45,cash_on_delivery,express,0,Nota del cliente: Dejar en portería,2025-12
100,ORD-20250512-00100,15,2025-05-12,entregado,3575.4,17,480,750.83,4198.41,bank_transfer,express,0,0,2025-05
101,ORD-20240801-00101,76,2024-08-01,pendiente,2579.67,7,130,541.73,3070.82,paypal,same_day,2,0,2024-08
102,ORD-20231230-00102,56,2023-12-30,enviado,2197.1,16,320,461.39,2626.95,paypal,same_day,0,0,2023-12
103,ORD-20240915-00103,167,2024-09-15,procesando,3228.12,0,150,677.91,4056.03,debit_card,express,0,0,2024-09
104,ORD-20231215-00104,162,2023-12-15,cancelado,1581.2,2,180,332.05,2061.63,debit_card,pickup,0,0,2023-12
105,ORD-20230329-00105,84,2023-03-29,enviado,3994.26,7,210,838.79,4763.45,credit_card,same_day,9,0,2023-03
106,ORD-20230212-00106,113,2023-02-12,procesando,3760.45,11,200,789.69,4336.49,debit_card,pickup,0,Nota del cliente: Envolver para regalo,2023-02
107,ORD-20251221-00107,42,2025-12-21,cancelado,935.6,13,330,196.48,1340.45,cash_on_delivery,express,0,0,2025-12
108,ORD-20230505-00108,32,2023-05-05,procesando,2143.21,3,320,450.07,2848.98,paypal,pickup,8,0,2023-05
109,ORD-20251002-00109,5,2025-10-02,cancelado,1903.8,17,10,399.8,1989.95,debit_card,standard,0,0,2025-10
110,ORD-20231108-00110,10,2023-11-08,enviado,4365.14,10,160,916.68,5005.31,bank_transfer,standard,0,Nota del cliente: Dejar en portería,2023-11
111,ORD-20230708-00111,62,2023-07-08,entregado,1303.18,20,10,273.67,1326.21,credit_card,express,0,0,2023-07
112,ORD-20250915-00112,59,2025-09-15,enviado,673.83,11,340,141.5,1081.21,cash_on_delivery,same_day,0,Nota del cliente: Llamar antes,2025-09
113,ORD-20230310-00113,5,2023-03-10,procesando,2507.19,5,330,526.51,3238.34,debit_card,same_day,0,0,2023-03
114,ORD-20240328-00114,40,2024-03-28,pendiente,2004.1,20,400,420.86,2424.14,cash_on_delivery,pickup,2,0,2024-03
115,ORD-20240829-00115,112,2024-08-29,procesando,657.54,20,300,138.08,964.11,credit_card,express,0,Nota del cliente: Entregar por la tarde,2024-08
116,ORD-20250613-00116,151,2025-06-13,cancelado,1995.91,7,500,419.14,2775.34,credit_card,same_day,0,0,2025-06
117,ORD-20230708-00117,23,2023-07-08,procesando,2422.22,11,430,508.67,3094.45,paypal,pickup,0,0,2023-07
118,ORD-20250406-00118,15,2025-04-06,enviado,537.68,16,10,112.91,574.56,paypal,standard,7,0,2025-04
119,ORD-20230105-00119,149,2023-01-05,cancelado,4492.46,9,200,943.42,5231.56,paypal,pickup,0,0,2023-01
120,ORD-20230407-00120,32,2023-04-07,entregado,128.62,19,260,27.01,391.19,debit_card,same_day,2,0,2023-04
121,ORD-20260314-00121,158,2026-03-14,entregado,147.76,13,260,31.03,419.58,bank_transfer,pickup,7,0,2026-03
122,ORD-20250223-00122,133,2025-02-23,pendiente,230.49,6,130,48.4,395.06,cash_on_delivery,express,1,0,2025-02
123,ORD-20250517-00123,102,2025-05-17,cancelado,2158.95,19,80,453.38,2282.13,bank_transfer,pickup,0,0,2025-05
124,ORD-20250707-00124,148,2025-07-07,enviado,3292.92,14,310,691.51,3833.42,debit_card,same_day,0,0,2025-07
125,ORD-20250312-00125,144,2025-03-12,pendiente,3815.32,1,60,801.22,4638.39,bank_transfer,express,0,0,2025-03
126,ORD-20250414-00126,97,2025-04-14,cancelado,3388.27,6,140,711.54,4036.51,paypal,standard,8,0,2025-04
127,ORD-20240225-00127,97,2024-02-25,procesando,153.66,13,500,32.27,665.95,credit_card,same_day,0,Nota del cliente: Llamar antes,2024-02
128,ORD-20230707-00128,41,2023-07-07,cancelado,2055.24,18,170,431.6,2286.9,credit_card,express,6,0,2023-07
129,ORD-20241027-00129,38,2024-10-27,cancelado,703.35,14,400,147.7,1152.58,cash_on_delivery,express,0,0,2024-10
130,ORD-20240510-00130,167,2024-05-10,enviado,3614.68,19,300,759.08,3986.97,bank_transfer,pickup,0,0,2024-05
131,ORD-20241124-00131,166,2024-11-24,pendiente,1834.18,12,500,385.18,2499.26,credit_card,express,6,0,2024-11
132,ORD-20231029-00132,135,2023-10-29,procesando,2791.98,4,450,586.32,3716.62,cash_on_delivery,express,0,0,2023-10
133,ORD-20250318-00133,100,2025-03-18,entregado,311.66,9,40,65.45,389.06,bank_transfer,pickup,0,Nota del cliente: Llamar antes,2025-03
134,ORD-20230619-00134,80,2023-06-19,procesando,520.3,2,70,109.26,689.15,paypal,pickup,0,0,2023-06
135,ORD-20240418-00135,164,2024-04-18,pendiente,31.24,11,70,6.56,104.36,paypal,standard,3,Nota del cliente: Envolver para regalo,2024-04
136,ORD-20250902-00136,114,2025-09-02,pendiente,2739.9,8,320,575.38,3416.09,cash_on_delivery,standard,10,0,2025-09
137,ORD-20231015-00137,9,2023-10-15,entregado,223.64,6,460,46.96,717.18,paypal,same_day,0,0,2023-10
138,ORD-20230223-00138,120,2023-02-23,pendiente,592.23,18,480,124.37,1090.0,credit_card,pickup,10,0,2023-02
139,ORD-20240409-00139,89,2024-04-09,cancelado,4394.69,8,170,922.88,5135.99,debit_card,standard,0,Nota del cliente: Envolver para regalo,2024-04
140,ORD-20240218-00140,77,2024-02-18,pendiente,2878.06,3,180,604.39,3576.11,paypal,express,5,Nota del cliente: Entregar por la tarde,2024-02
141,ORD-20240220-00141,101,2024-02-20,cancelado,3082.66,1,490,647.36,4189.19,credit_card,standard,0,0,2024-02
142,ORD-20240428-00142,113,2024-04-28,procesando,3721.06,6,150,781.42,4429.22,credit_card,same_day,0,0,2024-04
143,ORD-20250804-00143,22,2025-08-04,enviado,1932.31,19,190,405.79,2160.96,debit_card,same_day,0,Nota del cliente: Envolver para regalo,2025-08
144,ORD-20240506-00144,135,2024-05-06,entregado,2997.53,12,200,629.48,3467.31,paypal,same_day,0,0,2024-05
145,ORD-20250322-00145,37,2025-03-22,procesando,704.36,6,400,147.92,1210.02,paypal,pickup,0,0,2025-03
146,ORD-20230428-00146,16,2023-04-28,pendiente,3764.8,13,130,790.61,4195.99,debit_card,same_day,0,0,2023-04
147,ORD-20250913-00147,55,2025-09-13,pendiente,456.05,15,120,95.77,603.41,bank_transfer,express,9,0,2025-09
148,ORD-20231028-00148,23,2023-10-28,cancelado,2883.43,7,30,605.52,3317.11,paypal,same_day,0,0,2023-10
149,ORD-20230221-00149,22,2023-02-21,cancelado,1212.64,4,320,254.65,1738.78,debit_card,express,0,0,2023-02
150,ORD-20230125-00150,36,2023-01-25,enviado,1410.25,8,240,296.15,1833.58,credit_card,pickup,0,0,2023-01
151,ORD-20240723-00151,142,2024-07-23,procesando,4124.61,7,110,866.17,4812.06,credit_card,pickup,0,0,2024-07
152,ORD-20240914-00152,15,2024-09-14,entregado,79.37,13,280,16.67,365.72,debit_card,express,0,0,2024-09
153,ORD-20240815-00153,157,2024-08-15,pendiente,1590.25,18,500,333.95,2137.96,paypal,standard,0,0,2024-08
154,ORD-20241006-00154,117,2024-10-06,pendiente,4010.11,20,360,842.12,4410.21,cash_on_delivery,pickup,0,0,2024-10
155,ORD-20230312-00155,70,2023-03-12,procesando,4639.81,15,80,974.36,4998.2,cash_on_delivery,express,0,0,2023-03
156,ORD-20230511-00156,46,2023-05-11,enviado,3887.2,18,20,816.31,4023.81,cash_on_delivery,same_day,0,0,2023-05
157,ORD-20250503-00157,51,2025-05-03,entregado,2143.62,9,320,450.16,2720.85,debit_card,standard,0,0,2025-05
158,ORD-20251230-00158,105,2025-12-30,pendiente,4084.51,19,180,857.75,4346.2,debit_card,standard,0,Nota del cliente: Envolver para regalo,2025-12
159,ORD-20250404-00159,155,2025-04-04,entregado,1311.97,1,20,275.51,1594.36,bank_transfer,express,0,0,2025-04
160,ORD-20250701-00160,95,2025-07-01,procesando,1396.84,13,310,293.34,1818.59,cash_on_delivery,standard,5,0,2025-07
161,ORD-20250216-00161,160,2025-02-16,cancelado,1567.87,18,0,329.25,1614.9,cash_on_delivery,same_day,0,0,2025-02
162,ORD-20251021-00162,131,2025-10-21,pendiente,410.59,9,270,86.22,729.86,bank_transfer,same_day,0,0,2025-10
163,ORD-20230119-00163,13,2023-01-19,entregado,454.98,14,490,95.55,976.83,bank_transfer,express,0,0,2023-01
164,ORD-20240512-00164,167,2024-05-12,procesando,955.9,9,270,200.74,1340.61,cash_on_delivery,express,0,0,2024-05
165,ORD-20250613-00165,167,2025-06-13,pendiente,3446.51,4,430,723.77,4462.42,debit_card,pickup,0,0,2025-06
166,ORD-20241220-00166,151,2024-12-20,pendiente,4293.81,2,350,901.7,5459.63,cash_on_delivery,same_day,3,0,2024-12
167,ORD-20241022-00167,142,2024-10-22,cancelado,3556.96,18,500,746.96,4163.67,cash_on_delivery,express,0,Nota del cliente: Llamar antes,2024-10
168,ORD-20250521-00168,83,2025-05-21,pendiente,644.57,5,250,135.36,997.7,bank_transfer,same_day,10,Nota del cliente: Envolver para regalo,2025-05
169,ORD-20230810-00169,7,2023-08-10,procesando,879.36,16,170,184.67,1093.33,cash_on_delivery,same_day,0,0,2023-08
170,ORD-20231213-00170,107,2023-12-13,enviado,2014.92,7,500,423.13,2797.01,cash_on_delivery,pickup,7,Nota del cliente: Llamar antes,2023-12
171,ORD-20240321-00171,156,2024-03-21,enviado,3877.37,6,450,814.25,4908.98,credit_card,same_day,0,0,2024-03
172,ORD-20230316-00172,130,2023-03-16,pendiente,3557.98,19,20,747.18,3649.14,credit_card,same_day,8,0,2023-03
173,ORD-20240221-00173,47,2024-02-21,cancelado,1998.02,9,20,419.58,2257.78,paypal,same_day,0,0,2024-02
174,ORD-20241123-00174,134,2024-11-23,pendiente,5539.15,3,180,1163.22,6716.2,debit_card,standard,6,0,2024-11
175,ORD-20231002-00175,10,2023-10-02,cancelado,3086.38,13,420,648.14,3753.29,paypal,pickup,0,Nota del cliente: Dejar en portería,2023-10
176,ORD-20230426-00176,110,2023-04-26,cancelado,618.51,18,70,129.89,707.07,credit_card,express,0,0,2023-04
177,ORD-20240827-00177,100,2024-08-27,entregado,307.32,16,340,64.54,662.69,credit_card,express,0,0,2024-08
178,ORD-20250424-00178,156,2025-04-24,procesando,1901.4,6,470,399.29,2656.61,credit_card,pickup,0,0,2025-04
179,ORD-20240608-00179,47,2024-06-08,pendiente,4204.77,16,170,883.0,4585.01,credit_card,same_day,0,Nota del cliente: Envolver para regalo,2024-06
180,ORD-20251221-00180,5,2025-12-21,cancelado,767.75,6,230,161.23,1112.92,credit_card,standard,0,0,2025-12
181,ORD-20241211-00181,20,2024-12-11,entregado,3238.82,2,420,680.15,4274.19,debit_card,express,2,0,2024-12
182,ORD-20241119-00182,3,2024-11-19,procesando,2221.01,10,50,466.41,2515.32,bank_transfer,same_day,8,0,2024-11
183,ORD-20230331-00183,77,2023-03-31,enviado,1574.65,10,130,330.68,1877.87,bank_transfer,express,0,Nota del cliente: Entregar por la tarde,2023-03
184,ORD-20241203-00184,83,2024-12-03,cancelado,2265.2,20,140,475.69,2427.85,paypal,express,3,0,2024-12
185,ORD-20251219-00185,117,2025-12-19,procesando,1674.3,3,40,351.6,2015.67,cash_on_delivery,express,0,0,2025-12
186,ORD-20260129-00186,24,2026-01-29,pendiente,2642.28,12,20,554.88,2900.09,bank_transfer,pickup,7,0,2026-01
187,ORD-20230803-00187,149,2023-08-03,pendiente,2357.36,14,130,495.05,2652.38,cash_on_delivery,standard,0,0,2023-08
188,ORD-20230124-00188,78,2023-01-24,enviado,821.18,17,460,172.45,1314.03,cash_on_delivery,pickup,0,Nota del cliente: Dejar en portería,2023-01
189,ORD-20250228-00189,109,2025-02-28,pendiente,1476.53,14,220,310.07,1799.89,bank_transfer,same_day,0,0,2025-02
190,ORD-20251124-00190,161,2025-11-24,procesando,2455.41,5,370,515.64,3218.28,cash_on_delivery,express,3,0,2025-11
191,ORD-20231119-00191,139,2023-11-19,entregado,1752.42,8,290,368.01,2270.24,cash_on_delivery,standard,0,0,2023-11
192,ORD-20230507-00192,100,2023-05-07,entregado,2238.99,19,430,470.19,2713.77,paypal,pickup,5,0,2023-05
193,ORD-20240427-00193,78,2024-04-27,entregado,1690.86,10,10,355.08,1886.85,bank_transfer,standard,0,0,2024-04
194,ORD-20240106-00194,69,2024-01-06,pendiente,2593.09,18,110,544.55,2780.88,cash_on_delivery,pickup,0,0,2024-01
195,ORD-20250926-00195,114,2025-09-26,cancelado,3569.47,10,40,749.59,4002.11,credit_card,pickup,0,Nota del cliente: Dejar en portería,2025-09
196,ORD-20230609-00196,102,2023-06-09,pendiente,2407.66,15,280,505.61,2832.12,bank_transfer,same_day,0,0,2023-06
197,ORD-20240117-00197,126,2024-01-17,enviado,2189.55,2,260,459.81,2865.57,bank_transfer,same_day,0,0,2024-01
198,ORD-20260205-00198,3,2026-02-05,entregado,611.0,14,80,128.31,733.77,paypal,pickup,2,0,2026-02
199,ORD-20260113-00199,166,2026-01-13,procesando,3960.67,1,480,831.74,5232.8,bank_transfer,standard,7,Nota del cliente: Envolver para regalo,2026-01
200,ORD-20230311-00200,40,2023-03-11,enviado,650.94,14,350,136.7,1046.51,credit_card,same_day,0,0,2023-03
201,ORD-20230104-00201,50,2023-01-04,entregado,879.36,7,480,184.67,1482.47,credit_card,pickup,7,0,2023-01
202,ORD-20230921-00202,73,2023-09-21,entregado,3284.03,6,470,689.65,4246.64,bank_transfer,same_day,0,0,2023-09
203,ORD-20250628-00203,160,2025-06-28,enviado,3274.41,12,150,687.63,3719.11,debit_card,same_day,0,0,2025-06
204,ORD-20250328-00204,52,2025-03-28,entregado,880.72,12,50,184.95,1009.98,paypal,standard,0,0,2025-03
205,ORD-20240715-00205,142,2024-07-15,procesando,487.97,5,0,102.47,566.04,bank_transfer,standard,2,0,2024-07
206,ORD-20230409-00206,86,2023-04-09,pendiente,1714.0,13,400,359.94,2251.12,paypal,express,0,0,2023-04
207,ORD-20260306-00207,65,2026-03-06,cancelado,3456.27,6,240,725.82,4214.71,credit_card,standard,0,0,2026-03
208,ORD-20250324-00208,89,2025-03-24,entregado,1672.82,16,80,351.29,1836.46,paypal,standard,0,Nota del cliente: Entregar por la tarde,2025-03
209,ORD-20251205-00209,39,2025-12-05,pendiente,2442.55,19,90,512.94,2581.41,paypal,same_day,0,Nota del cliente: Entregar por la tarde,2025-12
210,ORD-20230623-00210,96,2023-06-23,procesando,1302.15,16,240,273.45,1607.26,bank_transfer,same_day,0,0,2023-06
211,ORD-20240925-00211,56,2024-09-25,pendiente,2546.09,7,150,534.68,3052.54,paypal,standard,0,Nota del cliente: Entregar por la tarde,2024-09
212,ORD-20250627-00212,106,2025-06-27,pendiente,2606.35,19,310,547.33,2968.47,debit_card,pickup,0,0,2025-06
213,ORD-20250828-00213,54,2025-08-28,pendiente,1366.77,19,40,287.02,1434.1,paypal,same_day,1,0,2025-08
214,ORD-20240820-00214,49,2024-08-20,enviado,4158.47,13,120,873.28,4611.15,bank_transfer,same_day,0,0,2024-08
215,ORD-20230615-00215,55,2023-06-15,entregado,3068.85,3,90,644.46,3711.24,bank_transfer,express,0,0,2023-06
216,ORD-20250518-00216,79,2025-05-18,procesando,880.15,3,40,184.83,1078.58,cash_on_delivery,standard,0,0,2025-05
217,ORD-20240920-00217,15,2024-09-20,entregado,3029.68,1,110,636.23,3745.61,paypal,standard,0,0,2024-09
218,ORD-20230515-00218,113,2023-05-15,procesando,1733.88,19,90,364.11,1858.55,bank_transfer,pickup,0,Nota del cliente: Envolver para regalo,2023-05
219,ORD-20260114-00219,34,2026-01-14,pendiente,1217.88,18,190,255.75,1444.41,cash_on_delivery,pickup,0,0,2026-01
220,ORD-20230628-00220,42,2023-06-28,cancelado,1293.44,2,10,271.62,1549.19,credit_card,express,5,0,2023-06
221,ORD-20251115-00221,99,2025-11-15,procesando,1091.44,2,320,229.2,1618.81,bank_transfer,pickup,0,0,2025-11
222,ORD-20230926-00222,24,2023-09-26,enviado,2218.92,12,240,465.97,2658.62,paypal,same_day,1,0,2023-09
223,ORD-20230113-00223,65,2023-01-13,entregado,468.54,8,360,98.39,889.45,bank_transfer,standard,4,0,2023-01
224,ORD-20230414-00224,27,2023-04-14,procesando,1821.15,12,130,382.44,2115.05,cash_on_delivery,standard,0,Nota del cliente: Envolver para regalo,2023-04
225,ORD-20230122-00225,99,2023-01-22,enviado,1146.89,10,80,240.85,1353.05,cash_on_delivery,same_day,0,0,2023-01
226,ORD-20230424-00226,33,2023-04-24,pendiente,2449.59,14,360,514.41,2981.06,credit_card,express,0,0,2023-04
227,ORD-20230730-00227,76,2023-07-30,enviado,2332.54,13,410,489.83,2929.14,cash_on_delivery,same_day,0,0,2023-07
228,ORD-20240407-00228,48,2024-04-07,cancelado,3463.5,2,490,727.34,4611.57,credit_card,same_day,8,0,2024-04
229,ORD-20250605-00229,158,2025-06-05,procesando,4709.34,4,70,988.96,5579.93,cash_on_delivery,standard,5,0,2025-06
230,ORD-20230716-00230,162,2023-07-16,entregado,4036.03,4,380,847.57,5102.16,cash_on_delivery,pickup,0,0,2023-07
231,ORD-20250401-00231,59,2025-04-01,enviado,1807.02,14,350,379.47,2283.51,debit_card,pickup,0,0,2025-04
232,ORD-20250117-00232,122,2025-01-17,entregado,31.24,9,130,6.56,164.99,cash_on_delivery,express,0,Nota del cliente: Dejar en portería,2025-01
233,ORD-20240223-00233,95,2024-02-23,entregado,1995.53,7,270,419.06,2544.9,paypal,standard,0,0,2024-02
234,ORD-20230605-00234,165,2023-06-05,cancelado,2169.75,7,190,455.65,2663.52,bank_transfer,standard,8,Nota del cliente: Llamar antes,2023-06
235,ORD-20241215-00235,83,2024-12-15,entregado,1893.83,1,150,397.7,2422.59,credit_card,standard,0,0,2024-12
236,ORD-20230204-00236,3,2023-02-04,entregado,934.44,6,20,196.23,1094.6,paypal,express,0,Nota del cliente: Llamar antes,2023-02
237,ORD-20260211-00237,157,2026-02-11,enviado,1793.13,5,80,376.56,2160.03,credit_card,pickup,6,0,2026-02
238,ORD-20230606-00238,144,2023-06-06,procesando,951.9,1,250,199.9,1392.28,debit_card,standard,2,0,2023-06
239,ORD-20230720-00239,20,2023-07-20,procesando,941.72,13,440,197.76,1457.06,debit_card,pickup,0,0,2023-07
240,ORD-20250305-00240,94,2025-03-05,entregado,2744.48,10,110,576.34,3156.37,paypal,pickup,3,0,2025-03
241,ORD-20241020-00241,62,2024-10-20,enviado,2425.12,17,20,509.28,2542.13,paypal,express,0,0,2024-10
242,ORD-20231127-00242,6,2023-11-27,enviado,1185.88,13,310,249.03,1590.75,credit_card,pickup,0,0,2023-11
243,ORD-20250525-00243,27,2025-05-25,entregado,166.11,11,130,34.88,312.72,paypal,same_day,6,0,2025-05
244,ORD-20250827-00244,166,2025-08-27,entregado,1063.17,19,30,223.27,1114.44,bank_transfer,pickup,5,0,2025-08
245,ORD-20250226-00245,145,2025-02-26,enviado,3201.82,13,280,672.38,3737.96,debit_card,express,7,Nota del cliente: Envolver para regalo,2025-02
246,ORD-20260111-00246,110,2026-01-11,enviado,3397.42,2,220,713.46,4262.93,paypal,pickup,0,0,2026-01
247,ORD-20260321-00247,6,2026-03-21,procesando,4379.14,7,190,919.62,5182.22,bank_transfer,express,0,0,2026-03
248,ORD-20240120-00248,3,2024-01-20,entregado,1400.01,12,80,294.0,1606.01,bank_transfer,pickup,0,Nota del cliente: Llamar antes,2024-01
249,ORD-20230429-00249,82,2023-04-29,enviado,624.36,12,450,131.12,1130.56,credit_card,standard,6,0,2023-04
250,ORD-20260208-00250,84,2026-02-08,pendiente,4408.09,11,370,925.7,5218.9,debit_card,standard,0,0,2026-02
251,ORD-20231227-00251,167,2023-12-27,pendiente,6079.71,11,30,1276.74,6717.68,debit_card,pickup,0,Nota del cliente: Envolver para regalo,2023-12
252,ORD-20241106-00252,100,2024-11-06,cancelado,645.78,6,160,135.61,902.64,bank_transfer,pickup,8,0,2024-11
253,ORD-20250303-00253,113,2025-03-03,procesando,1845.68,7,310,387.59,2414.07,paypal,same_day,10,0,2025-03
254,ORD-20240623-00254,60,2024-06-23,cancelado,5689.91,1,310,1194.88,7137.89,paypal,express,0,0,2024-06
255,ORD-20250619-00255,167,2025-06-19,cancelado,2636.51,10,20,553.67,2946.53,cash_on_delivery,standard,0,Nota del cliente: Llamar antes,2025-06
256,ORD-20251117-00256,135,2025-11-17,entregado,4927.2,3,180,1034.71,5994.09,paypal,same_day,0,0,2025-11
257,ORD-20260308-00257,53,2026-03-08,entregado,544.52,11,450,114.35,1048.97,credit_card,same_day,6,0,2026-03
258,ORD-20230906-00258,11,2023-09-06,pendiente,988.06,20,90,207.49,1087.94,bank_transfer,express,0,0,2023-09
259,ORD-20231019-00259,54,2023-10-19,enviado,544.52,11,20,114.35,618.97,debit_card,pickup,0,0,2023-10
260,ORD-20250420-00260,51,2025-04-20,pendiente,3293.44,10,370,691.62,4025.72,credit_card,same_day,0,0,2025-04
261,ORD-20251114-00261,87,2025-11-14,pendiente,3428.05,10,160,719.89,3965.14,paypal,standard,0,0,2025-11
262,ORD-20231008-00262,147,2023-10-08,entregado,3521.35,16,480,739.48,4177.41,debit_card,same_day,0,0,2023-10
263,ORD-20230902-00263,125,2023-09-02,enviado,990.07,15,450,207.91,1499.47,bank_transfer,standard,0,0,2023-09
264,ORD-20251016-00264,163,2025-10-16,cancelado,961.61,12,370,201.94,1418.16,bank_transfer,same_day,7,Nota del cliente: Envolver para regalo,2025-10
265,ORD-20250629-00265,2,2025-06-29,entregado,3902.94,8,280,819.62,4690.32,paypal,pickup,0,0,2025-06
266,ORD-20250917-00266,68,2025-09-17,pendiente,3402.66,10,300,714.56,4076.95,paypal,same_day,0,0,2025-09
267,ORD-20240901-00267,55,2024-09-01,pendiente,1586.53,12,380,333.17,2109.32,bank_transfer,pickup,8,0,2024-09
268,ORD-20260108-00268,130,2026-01-08,entregado,2878.43,19,180,604.47,3116.0,debit_card,express,0,0,2026-01
269,ORD-20250702-00269,62,2025-07-02,pendiente,7216.19,9,80,1515.4,8162.13,credit_card,same_day,0,0,2025-07
270,ORD-20240521-00270,139,2024-05-21,cancelado,3645.75,0,30,765.61,4441.36,bank_transfer,standard,0,0,2024-05
271,ORD-20251212-00271,22,2025-12-12,cancelado,3407.72,11,500,715.62,4248.49,paypal,express,0,0,2025-12
272,ORD-20250313-00272,73,2025-03-13,pendiente,665.75,5,0,139.81,772.27,paypal,standard,0,0,2025-03
273,ORD-20240206-00273,18,2024-02-06,procesando,2747.7,16,500,577.02,3385.09,debit_card,express,0,0,2024-02
274,ORD-20240624-00274,144,2024-06-24,pendiente,3545.55,20,380,744.57,3961.01,paypal,same_day,6,Nota del cliente: Llamar antes,2024-06
275,ORD-20240329-00275,4,2024-03-29,pendiente,223.64,8,220,46.96,472.71,debit_card,express,0,0,2024-03
276,ORD-20230218-00276,39,2023-02-18,procesando,3266.49,12,100,685.96,3660.47,debit_card,same_day,0,0,2023-02
277,ORD-20250501-00277,95,2025-05-01,pendiente,1077.04,19,220,226.18,1318.58,credit_card,pickup,0,0,2025-05
278,ORD-20230407-00278,16,2023-04-07,entregado,4898.35,9,460,1028.65,5946.15,cash_on_delivery,same_day,0,0,2023-04
279,ORD-20230215-00279,84,2023-02-15,entregado,4813.38,4,440,1010.81,6071.65,paypal,same_day,0,0,2023-02
280,ORD-20250521-00280,138,2025-05-21,procesando,2056.68,20,260,431.9,2337.24,credit_card,standard,0,0,2025-05
281,ORD-20250715-00281,125,2025-07-15,pendiente,280.56,16,350,58.92,644.59,cash_on_delivery,pickup,0,0,2025-07
282,ORD-20230909-00282,50,2023-09-09,procesando,1320.0,3,300,277.2,1857.6,bank_transfer,same_day,0,0,2023-09
283,ORD-20241206-00283,46,2024-12-06,enviado,5698.43,18,20,1196.67,5889.38,paypal,same_day,0,0,2024-12
284,ORD-20230219-00284,113,2023-02-19,cancelado,1040.51,20,40,218.51,1090.92,cash_on_delivery,standard,0,0,2023-02
285,ORD-20230224-00285,89,2023-02-24,pendiente,951.9,18,210,199.9,1190.46,bank_transfer,standard,0,0,2023-02
286,ORD-20230525-00286,103,2023-05-25,pendiente,2217.9,17,150,465.76,2456.62,credit_card,express,2,0,2023-05
287,ORD-20240101-00287,146,2024-01-01,procesando,1233.22,6,240,258.98,1658.21,bank_transfer,standard,0,0,2024-01
288,ORD-20240226-00288,48,2024-02-26,procesando,4713.46,5,410,989.83,5877.62,credit_card,standard,0,0,2024-02
289,ORD-20250805-00289,135,2025-08-05,enviado,573.09,8,460,120.35,1107.59,paypal,standard,2,0,2025-08
290,ORD-20251019-00290,165,2025-10-19,procesando,3941.97,6,180,827.81,4713.26,bank_transfer,same_day,0,0,2025-10
291,ORD-20240901-00291,24,2024-09-01,cancelado,3810.37,0,60,800.18,4670.55,paypal,standard,0,0,2024-09
292,ORD-20240721-00292,47,2024-07-21,enviado,3571.54,18,320,750.02,3998.68,cash_on_delivery,same_day,0,0,2024-07
293,ORD-20250415-00293,116,2025-04-15,pendiente,1839.83,20,390,386.36,2248.22,debit_card,standard,6,0,2025-04
294,ORD-20230803-00294,71,2023-08-03,entregado,5087.96,9,310,1068.47,6008.51,paypal,same_day,7,0,2023-08
295,ORD-20240529-00295,45,2024-05-29,enviado,4414.71,17,280,927.09,4871.3,bank_transfer,same_day,0,0,2024-05
296,ORD-20240218-00296,46,2024-02-18,pendiente,2041.37,12,290,428.69,2515.1,debit_card,pickup,0,0,2024-02
297,ORD-20231224-00297,39,2023-12-24,pendiente,641.72,5,70,134.76,814.39,debit_card,same_day,1,0,2023-12
298,ORD-20241211-00298,12,2024-12-11,procesando,1703.28,14,160,357.69,1982.51,cash_on_delivery,standard,0,0,2024-12
299,ORD-20260203-00299,71,2026-02-03,enviado,1348.42,17,450,283.17,1852.36,cash_on_delivery,standard,0,0,2026-02
300,ORD-20240616-00300,162,2024-06-16,enviado,433.95,13,430,91.13,898.67,paypal,express,1,0,2024-06
301,ORD-20250419-00301,125,2025-04-19,procesando,624.94,8,480,131.24,1186.18,paypal,pickup,0,0,2025-04
302,ORD-20230427-00302,71,2023-04-27,entregado,1025.93,5,460,215.45,1650.08,paypal,standard,0,0,2023-04
303,ORD-20241016-00303,66,2024-10-16,procesando,1903.8,15,500,399.8,2518.03,paypal,express,0,0,2024-10
304,ORD-20250511-00304,143,2025-05-11,entregado,386.69,10,110,81.2,539.22,bank_transfer,pickup,1,0,2025-05
305,ORD-20231027-00305,148,2023-10-27,pendiente,196.71,0,400,41.31,638.02,debit_card,standard,0,0,2023-10
306,ORD-20230601-00306,65,2023-06-01,procesando,276.85,4,500,58.14,823.92,paypal,pickup,7,0,2023-06
307,ORD-20250126-00307,88,2025-01-26,entregado,703.35,10,480,147.7,1260.72,paypal,pickup,0,0,2025-01
308,ORD-20250224-00308,157,2025-02-24,procesando,4956.55,13,10,1040.88,5363.08,bank_transfer,same_day,4,0,2025-02
309,ORD-20240427-00309,135,2024-04-27,pendiente,1176.69,16,340,247.1,1575.52,paypal,express,0,0,2024-04
310,ORD-20240921-00310,96,2024-09-21,enviado,645.98,17,380,135.66,1051.82,debit_card,same_day,0,0,2024-09
311,ORD-20251217-00311,10,2025-12-17,enviado,162.0,2,60,34.02,252.78,cash_on_delivery,standard,0,0,2025-12
312,ORD-20260109-00312,45,2026-01-09,cancelado,3772.62,13,20,792.25,4094.43,credit_card,pickup,0,0,2026-01
313,ORD-20250713-00313,60,2025-07-13,entregado,2937.24,9,140,616.82,3429.71,credit_card,pickup,3,0,2025-07
314,ORD-20230926-00314,6,2023-09-26,cancelado,158.74,17,440,33.34,605.09,bank_transfer,express,0,0,2023-09
315,ORD-20260114-00315,133,2026-01-14,pendiente,2057.34,9,280,432.04,2584.22,debit_card,standard,0,Nota del cliente: Dejar en portería,2026-01
316,ORD-20230903-00316,91,2023-09-03,procesando,2538.87,9,150,533.16,2993.53,cash_on_delivery,standard,0,0,2023-09
317,ORD-20240412-00317,52,2024-04-12,enviado,303.16,8,500,63.66,842.57,credit_card,pickup,0,0,2024-04
318,ORD-20240604-00318,139,2024-06-04,cancelado,1521.91,14,80,319.6,1708.44,bank_transfer,pickup,0,0,2024-06
319,ORD-20251023-00319,134,2025-10-23,entregado,5402.12,6,360,1134.45,6572.44,credit_card,standard,0,0,2025-10
320,ORD-20251109-00320,83,2025-11-09,enviado,3669.42,2,240,770.58,4606.61,cash_on_delivery,standard,0,0,2025-11
321,ORD-20230512-00321,80,2023-05-12,procesando,1642.36,19,90,344.9,1765.21,paypal,express,0,0,2023-05
322,ORD-20231007-00322,22,2023-10-07,cancelado,4896.71,16,150,1028.31,5291.55,debit_card,express,0,0,2023-10
323,ORD-20230429-00323,80,2023-04-29,entregado,2282.63,9,230,479.35,2786.54,paypal,standard,5,0,2023-04
324,ORD-20240624-00324,39,2024-06-24,enviado,3683.22,19,410,773.48,4166.89,paypal,same_day,0,Nota del cliente: Envolver para regalo,2024-06
325,ORD-20230729-00325,8,2023-07-29,cancelado,7773.68,2,440,1632.47,9690.68,credit_card,same_day,0,0,2023-07
326,ORD-20241110-00326,129,2024-11-10,entregado,1377.7,12,80,289.32,1581.7,credit_card,standard,0,0,2024-11
327,ORD-20230519-00327,21,2023-05-19,pendiente,3712.44,1,290,779.61,4744.93,credit_card,express,0,Nota del cliente: Llamar antes,2023-05
328,ORD-20250426-00328,94,2025-04-26,entregado,1487.85,12,310,312.45,1931.76,debit_card,express,0,0,2025-04
329,ORD-20260311-00329,92,2026-03-11,entregado,1810.28,17,310,380.16,2192.69,bank_transfer,standard,0,0,2026-03
330,ORD-20230128-00330,93,2023-01-28,cancelado,1945.45,0,420,408.54,2773.99,credit_card,same_day,0,0,2023-01
331,ORD-20250222-00331,42,2025-02-22,procesando,1751.64,12,20,367.84,1929.28,bank_transfer,same_day,0,Nota del cliente: Llamar antes,2025-02
332,ORD-20260317-00332,29,2026-03-17,cancelado,3991.63,11,120,838.24,4510.79,debit_card,same_day,0,0,2026-03
333,ORD-20250924-00333,51,2025-09-24,cancelado,1106.86,13,130,232.44,1325.41,credit_card,same_day,0,0,2025-09
334,ORD-20241229-00334,146,2024-12-29,entregado,3366.0,12,280,706.86,3948.94,debit_card,pickup,0,0,2024-12
335,ORD-20230407-00335,5,2023-04-07,enviado,2633.4,20,270,553.01,2929.73,credit_card,express,0,0,2023-04
336,ORD-20240812-00336,116,2024-08-12,enviado,1236.88,7,410,259.74,1820.04,debit_card,standard,5,0,2024-08
337,ORD-20250226-00337,93,2025-02-26,procesando,925.86,5,10,194.43,1084.0,debit_card,pickup,0,0,2025-02
338,ORD-20240402-00338,89,2024-04-02,cancelado,342.0,20,450,71.82,795.42,debit_card,express,0,Nota del cliente: Dejar en portería,2024-04
339,ORD-20230716-00339,110,2023-07-16,enviado,2395.5,11,350,503.06,2985.06,cash_on_delivery,pickup,0,0,2023-07
340,ORD-20260105-00340,156,2026-01-05,pendiente,2262.02,20,440,475.02,2724.64,bank_transfer,express,0,Nota del cliente: Llamar antes,2026-01
341,ORD-20230406-00341,33,2023-04-06,procesando,1054.09,6,380,221.36,1592.2,cash_on_delivery,pickup,0,0,2023-04
342,ORD-20260120-00342,6,2026-01-20,entregado,1512.15,8,120,317.55,1828.73,debit_card,pickup,0,0,2026-01
343,ORD-20240808-00343,31,2024-08-08,procesando,1700.64,7,460,357.13,2398.73,cash_on_delivery,same_day,0,0,2024-08
344,ORD-20250319-00344,64,2025-03-19,procesando,2473.48,1,210,519.43,3178.18,debit_card,standard,0,Nota del cliente: Dejar en portería,2025-03
345,ORD-20250831-00345,41,2025-08-31,entregado,1883.95,7,190,395.63,2337.7,paypal,same_day,0,Nota del cliente: Entregar por la tarde,2025-08
346,ORD-20231117-00346,86,2023-11-17,procesando,1413.83,19,260,296.9,1702.1,credit_card,express,0,0,2023-11
347,ORD-20230225-00347,65,2023-02-25,pendiente,3290.54,19,420,691.01,3776.35,credit_card,pickup,0,0,2023-02
348,ORD-20250403-00348,7,2025-04-03,pendiente,1087.42,20,50,228.36,1148.3,debit_card,express,0,0,2025-04
349,ORD-20241126-00349,150,2024-11-26,procesando,4190.85,18,80,880.08,4396.58,debit_card,same_day,0,0,2024-11
350,ORD-20250127-00350,2,2025-01-27,procesando,3827.4,6,100,803.75,4501.51,credit_card,express,0,0,2025-01
351,ORD-20241219-00351,8,2024-12-19,enviado,4321.45,7,450,907.5,5376.45,cash_on_delivery,standard,0,0,2024-12
352,ORD-20250901-00352,157,2025-09-01,procesando,2415.83,11,250,507.32,2907.41,cash_on_delivery,same_day,0,0,2025-09
353,ORD-20240804-00353,144,2024-08-04,cancelado,940.07,17,290,197.41,1267.67,credit_card,same_day,10,0,2024-08
354,ORD-20230103-00354,106,2023-01-03,entregado,2967.26,13,440,623.12,3644.64,debit_card,same_day,0,0,2023-01
355,ORD-20250708-00355,139,2025-07-08,procesando,2386.62,12,90,501.19,2691.42,credit_card,same_day,1,0,2025-07
356,ORD-20251128-00356,8,2025-11-28,procesando,1655.26,5,470,347.6,2390.1,bank_transfer,same_day,2,0,2025-11
357,ORD-20250425-00357,133,2025-04-25,pendiente,258.57,2,380,54.3,687.7,debit_card,standard,0,0,2025-04
358,ORD-20240927-00358,86,2024-09-27,procesando,110.82,4,360,23.27,489.66,credit_card,express,0,0,2024-09
359,ORD-20241223-00359,92,2024-12-23,enviado,3759.38,7,440,789.47,4725.69,paypal,express,0,0,2024-12
360,ORD-20231031-00360,109,2023-10-31,cancelado,2410.49,13,300,506.2,2903.33,cash_on_delivery,same_day,0,0,2023-10
361,ORD-20240405-00361,84,2024-04-05,cancelado,2173.27,11,470,456.39,2860.6,paypal,express,0,0,2024-04
362,ORD-20250403-00362,105,2025-04-03,entregado,1791.7,3,50,376.26,2164.21,paypal,same_day,8,0,2025-04
363,ORD-20230304-00363,35,2023-03-04,cancelado,2426.12,14,500,509.49,3095.95,debit_card,express,0,Nota del cliente: Envolver para regalo,2023-03
364,ORD-20250206-00364,34,2025-02-06,cancelado,1541.83,20,200,323.78,1757.24,paypal,same_day,10,0,2025-02
365,ORD-20250407-00365,125,2025-04-07,entregado,554.82,17,110,116.51,687.01,cash_on_delivery,standard,0,0,2025-04
366,ORD-20240205-00366,42,2024-02-05,entregado,3868.35,16,400,812.35,4461.76,credit_card,pickup,0,Nota del cliente: Envolver para regalo,2024-02
367,ORD-20230823-00367,67,2023-08-23,procesando,3806.16,15,480,799.29,4514.53,debit_card,standard,0,0,2023-08
368,ORD-20260305-00368,74,2026-03-05,procesando,281.08,12,250,59.03,556.38,debit_card,standard,0,0,2026-03
369,ORD-20251222-00369,57,2025-12-22,procesando,98.0,17,380,20.58,481.92,debit_card,pickup,0,0,2025-12
370,ORD-20240413-00370,140,2024-04-13,pendiente,3531.33,18,80,741.58,3717.27,credit_card,standard,0,Nota del cliente: Dejar en portería,2024-04
371,ORD-20260211-00371,95,2026-02-11,pendiente,1697.11,14,220,356.39,2035.9,cash_on_delivery,same_day,0,0,2026-02
372,ORD-20230113-00372,78,2023-01-13,procesando,1347.76,6,290,283.03,1839.92,paypal,standard,9,Nota del cliente: Entregar por la tarde,2023-01
373,ORD-20260213-00373,167,2026-02-13,pendiente,110.74,14,80,23.26,198.5,credit_card,standard,0,0,2026-02
374,ORD-20250614-00374,91,2025-06-14,cancelado,2052.95,9,380,431.12,2679.3,bank_transfer,standard,0,0,2025-06
375,ORD-20250908-00375,125,2025-09-08,cancelado,2522.77,8,50,529.78,2900.73,debit_card,express,4,0,2025-09
376,ORD-20230309-00376,71,2023-03-09,procesando,1330.38,14,330,279.38,1753.51,cash_on_delivery,express,0,0,2023-03
377,ORD-20250427-00377,77,2025-04-27,entregado,2036.71,15,130,427.71,2288.91,bank_transfer,standard,1,Nota del cliente: Dejar en portería,2025-04
378,ORD-20241128-00378,91,2024-11-28,pendiente,951.07,9,200,199.72,1265.19,credit_card,standard,0,0,2024-11
379,ORD-20250414-00379,105,2025-04-14,entregado,2118.58,15,240,444.9,2485.69,bank_transfer,same_day,0,0,2025-04
380,ORD-20241211-00380,23,2024-12-11,enviado,4681.51,18,160,983.12,4981.96,bank_transfer,express,10,0,2024-12
381,ORD-20240412-00381,146,2024-04-12,enviado,2309.8,15,360,485.06,2808.39,debit_card,express,0,0,2024-04
382,ORD-20240125-00382,136,2024-01-25,cancelado,25.08,19,90,5.27,115.58,paypal,standard,0,0,2024-01
383,ORD-20230405-00383,58,2023-04-05,entregado,1229.46,7,140,258.19,1541.59,bank_transfer,standard,0,0,2023-04
384,ORD-20230314-00384,123,2023-03-14,procesando,3555.3,6,400,746.61,4488.59,bank_transfer,standard,0,0,2023-03
385,ORD-20250618-00385,27,2025-06-18,enviado,2309.11,19,200,484.91,2555.29,bank_transfer,express,0,0,2025-06
386,ORD-20240804-00386,73,2024-08-04,procesando,1318.05,6,360,276.79,1875.76,debit_card,express,0,0,2024-08
387,ORD-20241014-00387,3,2024-10-14,procesando,2355.21,0,310,494.59,3159.8,debit_card,standard,0,0,2024-10
388,ORD-20240917-00388,6,2024-09-17,cancelado,794.63,12,20,166.87,886.14,debit_card,standard,10,0,2024-09
389,ORD-20240717-00389,163,2024-07-17,cancelado,5604.47,8,50,1176.94,6383.05,credit_card,express,0,0,2024-07
390,ORD-20240221-00390,76,2024-02-21,pendiente,2569.06,11,400,539.5,3225.96,cash_on_delivery,standard,10,0,2024-02
391,ORD-20250112-00391,67,2025-01-12,enviado,2468.74,18,20,518.44,2562.81,credit_card,same_day,0,Nota del cliente: Envolver para regalo,2025-01
392,ORD-20231106-00392,9,2023-11-06,pendiente,975.94,10,70,204.95,1153.3,bank_transfer,pickup,0,Nota del cliente: Dejar en portería,2023-11
393,ORD-20251123-00393,38,2025-11-23,procesando,3019.0,1,110,633.99,3732.8,credit_card,express,0,0,2025-11
394,ORD-20230206-00394,88,2023-02-06,procesando,1109.64,2,370,233.02,1690.47,debit_card,express,0,0,2023-02
395,ORD-20241103-00395,62,2024-11-03,cancelado,3858.43,3,20,810.27,4572.95,bank_transfer,express,0,0,2024-11
396,ORD-20260206-00396,42,2026-02-06,enviado,3129.84,3,60,657.27,3753.21,paypal,express,0,0,2026-02
397,ORD-20240901-00397,158,2024-09-01,procesando,3174.4,20,170,666.62,3376.14,cash_on_delivery,express,0,0,2024-09
398,ORD-20230706-00398,37,2023-07-06,entregado,1511.59,15,20,317.43,1622.28,debit_card,pickup,0,0,2023-07
399,ORD-20250708-00399,51,2025-07-08,procesando,3186.46,6,310,669.16,3974.43,credit_card,same_day,3,0,2025-07
400,ORD-20250621-00400,4,2025-06-21,cancelado,3899.44,4,120,818.88,4682.34,credit_card,standard,1,0,2025-06
401,ORD-20240406-00401,137,2024-04-06,entregado,1599.26,4,470,335.84,2341.13,paypal,standard,10,0,2024-04
402,ORD-20260127-00402,10,2026-01-27,procesando,803.36,14,370,168.71,1229.6,credit_card,express,0,Nota del cliente: Entregar por la tarde,2026-01
403,ORD-20260114-00403,158,2026-01-14,cancelado,1782.55,2,110,374.34,2231.24,cash_on_delivery,express,0,0,2026-01
404,ORD-20251206-00404,83,2025-12-06,cancelado,1768.48,7,70,371.38,2086.07,credit_card,pickup,0,0,2025-12
405,ORD-20240310-00405,125,2024-03-10,entregado,3017.48,9,240,633.67,3619.58,credit_card,pickup,0,Nota del cliente: Envolver para regalo,2024-03
406,ORD-20230516-00406,93,2023-05-16,enviado,1881.0,8,440,395.01,2565.53,cash_on_delivery,standard,5,0,2023-05
407,ORD-20230610-00407,91,2023-06-10,entregado,2014.18,16,160,422.98,2274.89,cash_on_delivery,same_day,0,0,2023-06
408,ORD-20260306-00408,96,2026-03-06,enviado,804.84,17,410,169.02,1247.04,credit_card,same_day,0,0,2026-03
409,ORD-20250322-00409,118,2025-03-22,cancelado,4314.67,2,100,906.08,5234.46,bank_transfer,same_day,0,0,2025-03
410,ORD-20240630-00410,13,2024-06-30,procesando,8237.04,14,220,1729.78,9033.63,credit_card,same_day,0,0,2024-06
411,ORD-20241207-00411,116,2024-12-07,cancelado,450.51,3,40,94.61,571.6,credit_card,pickup,4,0,2024-12
412,ORD-20240728-00412,46,2024-07-28,procesando,2923.6,8,150,613.96,3453.67,bank_transfer,express,0,0,2024-07
413,ORD-20250224-00413,155,2025-02-24,cancelado,2398.11,5,430,503.6,3211.8,debit_card,same_day,0,Nota del cliente: Entregar por la tarde,2025-02
414,ORD-20250506-00414,135,2025-05-06,entregado,997.66,15,170,209.51,1227.52,cash_on_delivery,pickup,4,0,2025-05
415,ORD-20250210-00415,73,2025-02-10,pendiente,613.78,14,430,128.89,1086.74,debit_card,standard,3,0,2025-02
416,ORD-20250609-00416,15,2025-06-09,enviado,1456.36,13,460,305.84,2032.87,credit_card,same_day,0,0,2025-06
417,ORD-20230923-00417,107,2023-09-23,enviado,4301.84,16,150,903.39,4666.94,bank_transfer,standard,10,0,2023-09
418,ORD-20250805-00418,48,2025-08-05,enviado,3507.27,19,370,736.53,3947.42,bank_transfer,same_day,3,0,2025-08
419,ORD-20230411-00419,10,2023-04-11,cancelado,4752.94,6,260,998.12,5725.88,debit_card,same_day,9,0,2023-04
420,ORD-20231128-00420,138,2023-11-28,cancelado,1396.59,3,360,293.28,2007.97,cash_on_delivery,same_day,0,0,2023-11
421,ORD-20230919-00421,127,2023-09-19,entregado,1985.68,7,300,416.99,2563.67,cash_on_delivery,standard,0,Nota del cliente: Dejar en portería,2023-09
422,ORD-20230605-00422,37,2023-06-05,entregado,3111.98,13,300,653.52,3660.94,paypal,pickup,0,0,2023-06
423,ORD-20241128-00423,88,2024-11-28,entregado,3466.53,7,260,727.97,4211.84,bank_transfer,express,6,0,2024-11
424,ORD-20240818-00424,54,2024-08-18,entregado,3278.31,4,420,688.45,4255.63,bank_transfer,express,0,Nota del cliente: Llamar antes,2024-08
425,ORD-20240319-00425,155,2024-03-19,procesando,1494.27,8,320,313.8,2008.53,cash_on_delivery,same_day,0,0,2024-03
426,ORD-20250201-00426,111,2025-02-01,enviado,1873.94,14,440,393.53,2445.12,paypal,pickup,0,0,2025-02
427,ORD-20260201-00427,35,2026-02-01,procesando,990.01,14,130,207.9,1189.31,paypal,express,0,0,2026-02
428,ORD-20250904-00428,97,2025-09-04,procesando,1452.45,9,440,305.01,2066.74,bank_transfer,standard,0,0,2025-09
429,ORD-20240104-00429,119,2024-01-04,enviado,507.49,17,350,106.57,877.79,credit_card,standard,7,0,2024-01
430,ORD-20240115-00430,52,2024-01-15,enviado,426.3,3,490,89.52,993.03,paypal,same_day,8,0,2024-01
431,ORD-20230724-00431,86,2023-07-24,pendiente,3310.42,9,110,695.19,3817.67,cash_on_delivery,standard,0,0,2023-07
432,ORD-20240324-00432,119,2024-03-24,entregado,2588.91,16,120,543.67,2838.35,bank_transfer,standard,0,0,2024-03
433,ORD-20231002-00433,70,2023-10-02,enviado,437.91,7,420,91.96,919.22,credit_card,same_day,0,0,2023-10
434,ORD-20230130-00434,75,2023-01-30,cancelado,2760.02,16,330,579.6,3228.02,bank_transfer,standard,0,0,2023-01
435,ORD-20231027-00435,28,2023-10-27,enviado,1464.5,19,130,307.55,1623.8,paypal,same_day,0,Nota del cliente: Llamar antes,2023-10
436,ORD-20250424-00436,133,2025-04-24,cancelado,2138.66,19,280,449.12,2461.43,cash_on_delivery,standard,0,0,2025-04
437,ORD-20251007-00437,29,2025-10-07,procesando,1212.64,10,140,254.65,1486.03,cash_on_delivery,pickup,0,0,2025-10
438,ORD-20240118-00438,115,2024-01-18,entregado,757.33,13,340,159.04,1157.92,debit_card,same_day,0,0,2024-01
439,ORD-20240830-00439,53,2024-08-30,procesando,2102.58,17,290,441.54,2476.68,debit_card,same_day,0,0,2024-08
440,ORD-20240806-00440,60,2024-08-06,procesando,4004.71,13,200,840.99,4525.09,debit_card,standard,0,0,2024-08
441,ORD-20241225-00441,144,2024-12-25,enviado,920.13,2,500,193.23,1594.96,credit_card,express,0,0,2024-12
442,ORD-20230617-00442,74,2023-06-17,pendiente,2431.07,13,330,510.52,2955.55,debit_card,same_day,0,0,2023-06
443,ORD-20260318-00443,50,2026-03-18,pendiente,2356.8,10,270,494.93,2886.05,credit_card,same_day,8,0,2026-03
444,ORD-20251020-00444,12,2025-10-20,pendiente,616.27,11,30,129.42,707.9,bank_transfer,pickup,9,Nota del cliente: Entregar por la tarde,2025-10
445,ORD-20230527-00445,37,2023-05-27,enviado,2607.99,8,120,547.68,3067.03,bank_transfer,pickup,0,0,2023-05
446,ORD-20230306-00446,122,2023-03-06,entregado,4352.67,14,390,914.06,5047.36,credit_card,express,0,0,2023-03
447,ORD-20230710-00447,103,2023-07-10,entregado,2972.97,4,490,624.32,3968.37,paypal,standard,0,Nota del cliente: Entregar por la tarde,2023-07
448,ORD-20260202-00448,112,2026-02-02,procesando,638.74,18,160,134.14,817.91,credit_card,standard,0,0,2026-02
449,ORD-20230331-00449,43,2023-03-31,enviado,942.89,9,360,198.01,1416.04,cash_on_delivery,pickup,0,0,2023-03
450,ORD-20251203-00450,163,2025-12-03,enviado,130.38,12,490,27.38,632.11,paypal,express,9,0,2025-12
451,ORD-20230409-00451,20,2023-04-09,entregado,1123.72,13,90,235.98,1303.62,debit_card,express,0,0,2023-04
452,ORD-20260215-00452,77,2026-02-15,enviado,2814.06,17,300,590.95,3226.62,bank_transfer,pickup,7,0,2026-02
453,ORD-20240613-00453,120,2024-06-13,procesando,3491.66,5,270,733.25,4320.33,bank_transfer,same_day,9,0,2024-06
454,ORD-20230130-00454,20,2023-01-30,procesando,3270.53,20,30,686.81,3333.23,paypal,express,3,0,2023-01
455,ORD-20230703-00455,153,2023-07-03,procesando,5451.02,13,370,1144.71,6257.1,paypal,express,0,0,2023-07
456,ORD-20240929-00456,11,2024-09-29,pendiente,2416.23,0,300,507.41,3223.64,paypal,express,0,0,2024-09
457,ORD-20250815-00457,49,2025-08-15,enviado,1311.5,20,280,275.42,1604.62,debit_card,express,0,0,2025-08
458,ORD-20240411-00458,145,2024-04-11,pendiente,1872.29,8,500,393.18,2615.69,paypal,pickup,0,0,2024-04
459,ORD-20251116-00459,97,2025-11-16,procesando,4331.54,13,50,909.62,4728.06,credit_card,express,0,Nota del cliente: Entregar por la tarde,2025-11
460,ORD-20230421-00460,107,2023-04-21,pendiente,2374.29,6,380,498.6,3110.43,debit_card,standard,0,Nota del cliente: Dejar en portería,2023-04
461,ORD-20230315-00461,93,2023-03-15,enviado,750.91,6,440,157.69,1303.55,bank_transfer,express,4,Nota del cliente: Entregar por la tarde,2023-03
462,ORD-20250715-00462,110,2025-07-15,entregado,1040.87,2,240,218.58,1478.63,bank_transfer,express,0,0,2025-07
463,ORD-20240223-00463,35,2024-02-23,cancelado,174.84,8,460,36.72,657.57,credit_card,express,6,0,2024-02
464,ORD-20241201-00464,75,2024-12-01,pendiente,228.0,12,400,47.88,648.52,paypal,standard,2,0,2024-12
465,ORD-20251005-00465,167,2025-10-05,entregado,2737.98,14,180,574.98,3109.64,bank_transfer,same_day,0,0,2025-10
466,ORD-20260119-00466,109,2026-01-19,pendiente,1934.52,14,40,406.25,2109.94,credit_card,express,0,0,2026-01
467,ORD-20241130-00467,50,2024-11-30,entregado,2446.54,20,100,513.77,2571.0,paypal,same_day,5,0,2024-11
468,ORD-20260208-00468,34,2026-02-08,entregado,2061.97,11,290,433.01,2558.16,debit_card,pickup,4,0,2026-02
469,ORD-20230305-00469,36,2023-03-05,cancelado,3485.45,1,370,731.94,4552.54,debit_card,same_day,0,0,2023-03
470,ORD-20240413-00470,132,2024-04-13,pendiente,3135.07,17,30,658.36,3290.47,debit_card,express,0,Nota del cliente: Llamar antes,2024-04
471,ORD-20251007-00471,4,2025-10-07,pendiente,1968.01,17,370,413.28,2416.73,bank_transfer,pickup,0,0,2025-10
472,ORD-20260104-00472,28,2026-01-04,pendiente,233.12,2,320,48.96,597.42,paypal,standard,3,0,2026-01
473,ORD-20240521-00473,45,2024-05-21,cancelado,606.32,19,10,127.33,628.45,bank_transfer,express,0,Nota del cliente: Entregar por la tarde,2024-05
474,ORD-20240610-00474,21,2024-06-10,procesando,2165.82,18,470,454.82,2700.79,paypal,pickup,0,0,2024-06
475,ORD-20231230-00475,102,2023-12-30,entregado,110.74,9,360,23.26,484.03,credit_card,pickup,0,Nota del cliente: Dejar en portería,2023-12
476,ORD-20230724-00476,120,2023-07-24,cancelado,2899.68,9,40,608.93,3287.64,cash_on_delivery,pickup,0,Nota del cliente: Llamar antes,2023-07
477,ORD-20250618-00477,27,2025-06-18,cancelado,2027.4,5,230,425.75,2581.78,bank_transfer,express,0,0,2025-06
478,ORD-20230124-00478,41,2023-01-24,enviado,2155.62,20,500,452.68,2677.18,debit_card,express,0,0,2023-01
479,ORD-20240206-00479,73,2024-02-06,cancelado,2218.08,4,450,465.8,3045.16,cash_on_delivery,standard,4,0,2024-02
480,ORD-20250724-00480,104,2025-07-24,cancelado,1431.83,6,480,300.68,2126.6,credit_card,express,0,Nota del cliente: Llamar antes,2025-07
481,ORD-20250321-00481,67,2025-03-21,entregado,439.68,14,200,92.33,670.45,credit_card,pickup,6,0,2025-03
482,ORD-20231002-00482,36,2023-10-02,enviado,1231.78,5,40,258.67,1468.86,bank_transfer,pickup,2,0,2023-10
483,ORD-20230926-00483,79,2023-09-26,enviado,840.08,18,70,176.42,935.29,credit_card,same_day,8,Nota del cliente: Llamar antes,2023-09
484,ORD-20251123-00484,142,2025-11-23,entregado,2824.55,1,490,593.16,3879.46,paypal,pickup,2,Nota del cliente: Envolver para regalo,2025-11
485,ORD-20260106-00485,117,2026-01-06,entregado,3885.79,18,130,816.02,4132.37,credit_card,same_day,0,0,2026-01
486,ORD-20250802-00486,93,2025-08-02,enviado,1147.56,11,20,240.99,1282.32,debit_card,standard,0,Nota del cliente: Dejar en portería,2025-08
487,ORD-20250723-00487,98,2025-07-23,cancelado,2423.33,2,70,508.9,2953.76,paypal,pickup,0,0,2025-07
488,ORD-20240329-00488,17,2024-03-29,cancelado,3446.97,19,210,723.86,3725.91,cash_on_delivery,same_day,0,0,2024-03
489,ORD-20250415-00489,53,2025-04-15,pendiente,1232.57,11,70,258.84,1425.83,cash_on_delivery,express,0,0,2025-04
490,ORD-20230926-00490,57,2023-09-26,cancelado,712.21,13,350,149.56,1119.18,paypal,same_day,0,0,2023-09
491,ORD-20260304-00491,51,2026-03-04,pendiente,414.58,3,20,87.06,509.2,bank_transfer,same_day,0,Nota del cliente: Llamar antes,2026-03
492,ORD-20230401-00492,64,2023-04-01,procesando,1456.92,8,100,305.95,1746.32,cash_on_delivery,express,0,0,2023-04
493,ORD-20241003-00493,75,2024-10-03,pendiente,1471.27,15,260,308.97,1819.55,paypal,same_day,0,0,2024-10
494,ORD-20240616-00494,134,2024-06-16,cancelado,1062.79,10,480,223.19,1659.7,debit_card,standard,0,0,2024-06
495,ORD-20240122-00495,23,2024-01-22,cancelado,433.95,15,240,91.13,699.99,paypal,express,0,Nota del cliente: Llamar antes,2024-01
496,ORD-20250920-00496,111,2025-09-20,enviado,1793.69,17,300,376.67,2165.43,paypal,express,9,Nota del cliente: Dejar en portería,2025-09
497,ORD-20230916-00497,123,2023-09-16,pendiente,1664.46,5,70,349.54,2000.78,credit_card,standard,10,Nota del cliente: Dejar en portería,2023-09
498,ORD-20230710-00498,84,2023-07-10,entregado,1302.37,3,160,273.5,1696.8,cash_on_delivery,standard,0,0,2023-07
499,ORD-20240530-00499,123,2024-05-30,cancelado,1912.66,2,160,401.66,2436.07,cash_on_delivery,express,0,0,2024-05
500,ORD-20260308-00500,90,2026-03-08,pendiente,888.84,3,40,186.66,1088.83,cash_on_delivery,pickup,0,Nota del cliente: Llamar antes,2026-03
